capture_index,render_frame,demo_time_ms,demo_time_seconds,scene_time_ms,scene_time_seconds,scene,next_script_time_hex,frame_path
0,0,333,0.333,0,0.0,,0x0,frames/frame_000000_t00000333_f000000.png
1,1085,4002,4.002,5817,5.817,mute95,0x300,frames/frame_000001_t00004002_f001085.png
2,2277,8001,8.001,9809,9.809,mute95,0x300,frames/frame_000002_t00008001_f002277.png
3,3462,12000,12.0,13812,13.812,mute95,0x300,frames/frame_000003_t00012000_f003462.png
4,4649,16000,16.0,17813,17.813,mute95,0x300,frames/frame_000004_t00016000_f004649.png
5,5824,20001,20.001,21779,21.779,mute95,0x300,frames/frame_000005_t00020001_f005824.png
6,7015,24002,24.002,25820,25.82,mute95,0x300,frames/frame_000006_t00024002_f007015.png
7,8206,28000,28.0,29810,29.81,mute95,0x500,frames/frame_000007_t00028000_f008206.png
8,9391,32000,32.0,33812,33.812,mute95,0x500,frames/frame_000008_t00032000_f009391.png
9,10576,36002,36.002,37814,37.814,mute95,0x500,frames/frame_000009_t00036002_f010576.png
10,11760,40002,40.002,41815,41.815,mute95,0x700,frames/frame_000010_t00040002_f011760.png
11,12941,44002,44.002,45813,45.813,mute95,0x700,frames/frame_000011_t00044002_f012941.png
12,14121,48000,48.0,49814,49.814,mute95,0x900,frames/frame_000012_t00048000_f014121.png
13,15303,52000,52.0,53812,53.812,mute95,0x900,frames/frame_000013_t00052000_f015303.png
14,16487,56001,56.001,57818,57.818,mute95,0x900,frames/frame_000014_t00056001_f016487.png
15,17673,60002,60.002,61817,61.817,mute95,0xb00,frames/frame_000015_t00060002_f017673.png
16,18863,64004,64.004,65813,65.813,mute95,0xb00,frames/frame_000016_t00064004_f018863.png
17,20051,68000,68.0,69811,69.811,mute95,0xd00,frames/frame_000017_t00068000_f020051.png
18,21239,72001,72.001,73816,73.816,mute95,0xd00,frames/frame_000018_t00072001_f021239.png
19,22430,76001,76.001,77811,77.811,mute95,0xd00,frames/frame_000019_t00076001_f022430.png
20,23618,80000,80.0,4818,4.818,domina,0xf00,frames/frame_000020_t00080000_f023618.png
21,24808,84000,84.0,8820,8.82,domina,0xf00,frames/frame_000021_t00084000_f024808.png
22,26007,88000,88.0,12818,12.818,domina,0x1024,frames/frame_000022_t00088000_f026007.png
23,27204,92000,92.0,16815,16.815,domina,0x1024,frames/frame_000023_t00092000_f027204.png
24,28400,96000,96.0,20817,20.817,domina,0x1024,frames/frame_000024_t00096000_f028400.png
25,29589,100005,100.005,445,0.445,saari,0x100,frames/frame_000025_t00100005_f029589.png
26,30536,104002,104.002,6191,6.191,saari,0x100,frames/frame_000026_t00104002_f030536.png
27,31435,108000,108.0,10175,10.175,saari,0x100,frames/frame_000027_t00108000_f031435.png
28,32284,112001,112.001,14173,14.173,saari,0x600,frames/frame_000028_t00112001_f032284.png
29,33138,116002,116.002,18177,18.177,saari,0x600,frames/frame_000029_t00116002_f033138.png
30,33986,120003,120.003,22175,22.175,saari,0x600,frames/frame_000030_t00120003_f033986.png
31,34825,124000,124.0,26174,26.174,saari,0x600,frames/frame_000031_t00124000_f034825.png
32,35680,128002,128.002,30182,30.182,saari,0x600,frames/frame_000032_t00128002_f035680.png
33,36523,132001,132.001,34172,34.172,saari,0x600,frames/frame_000033_t00132001_f036523.png
34,37377,136004,136.004,38174,38.174,saari,0x600,frames/frame_000034_t00136004_f037377.png
35,38234,140002,140.002,42179,42.179,saari,0x600,frames/frame_000035_t00140002_f038234.png
36,39112,144002,144.002,46191,46.191,saari,0x600,frames/frame_000036_t00144002_f039112.png
37,40032,148002,148.002,50202,50.202,saari,0x600,frames/frame_000037_t00148002_f040032.png
38,41154,152004,152.004,54211,54.211,saari,0x620,frames/frame_000038_t00152004_f041154.png
39,42277,156000,156.0,58213,58.213,saari,0x700,frames/frame_000039_t00156000_f042277.png
40,43379,160002,160.002,5309,5.309,kukot,0x900,frames/frame_000040_t00160002_f043379.png
41,44501,164002,164.002,9318,9.318,kukot,0x900,frames/frame_000041_t00164002_f044501.png
42,45628,168002,168.002,13307,13.307,kukot,0x900,frames/frame_000042_t00168002_f045628.png
43,46737,172002,172.002,17304,17.304,kukot,0x900,frames/frame_000043_t00172002_f046737.png
44,47797,176000,176.0,21298,21.298,kukot,0x920,frames/frame_000044_t00176000_f047797.png
45,48837,180002,180.002,25306,25.306,kukot,0xa00,frames/frame_000045_t00180002_f048837.png
46,49961,184000,184.0,29308,29.308,kukot,0xb00,frames/frame_000046_t00184000_f049961.png
47,51115,188002,188.002,33312,33.312,kukot,0xb00,frames/frame_000047_t00188002_f051115.png
48,52230,192000,192.0,37306,37.306,kukot,0xb1c,frames/frame_000048_t00192000_f052230.png
49,53377,196002,196.002,41309,41.309,kukot,0xb34,frames/frame_000049_t00196002_f053377.png
50,54500,200000,200.0,45308,45.308,kukot,0xc20,frames/frame_000050_t00200000_f054500.png
51,55623,204000,204.0,49311,49.311,kukot,0xc3c,frames/frame_000051_t00204000_f055623.png
52,56575,208002,208.002,4452,4.452,maku,0xe00,frames/frame_000052_t00208002_f056575.png
53,57535,212002,212.002,8494,8.494,maku,0xe00,frames/frame_000053_t00212002_f057535.png
54,58514,216000,216.0,12450,12.45,maku,0xe20,frames/frame_000054_t00216000_f058514.png
55,59397,220000,220.0,16450,16.45,maku,0xf00,frames/frame_000055_t00220000_f059397.png
56,60300,224000,224.0,20456,20.456,maku,0xf20,frames/frame_000056_t00224000_f060300.png
57,61116,228005,228.005,24456,24.456,maku,0xf30,frames/frame_000057_t00228005_f061116.png
58,62083,232000,232.0,4084,4.084,watercube,0x1030,frames/frame_000058_t00232000_f062083.png
59,63233,236001,236.001,8091,8.091,watercube,0x1030,frames/frame_000059_t00236001_f063233.png
60,64352,240000,240.0,12086,12.086,watercube,0x1110,frames/frame_000060_t00240000_f064352.png
61,65474,244002,244.002,16085,16.085,watercube,0x1130,frames/frame_000061_t00244002_f065474.png
62,66588,248002,248.002,20088,20.088,watercube,0x1210,frames/frame_000062_t00248002_f066588.png
63,67709,252000,252.0,24085,24.085,watercube,0x1230,frames/frame_000063_t00252000_f067709.png
64,68844,256000,256.0,3668,3.668,feta,0x1520,frames/frame_000064_t00256000_f068844.png
65,69982,260000,260.0,7669,7.669,feta,0x1520,frames/frame_000065_t00260000_f069982.png
66,71111,264000,264.0,11667,11.667,feta,0x1520,frames/frame_000066_t00264000_f071111.png
67,72255,268002,268.002,15671,15.671,feta,0x1520,frames/frame_000067_t00268002_f072255.png
68,73394,272002,272.002,19672,19.672,feta,0x1520,frames/frame_000068_t00272002_f073394.png
69,74528,276000,276.0,23669,23.669,feta,0x1530,frames/frame_000069_t00276000_f074528.png
70,75669,280002,280.002,3274,3.274,uppol,0x22222,frames/frame_000070_t00280002_f075669.png
71,76861,284000,284.0,7273,7.273,uppol,0x22222,frames/frame_000071_t00284000_f076861.png
72,78052,288001,288.001,11277,11.277,uppol,0x22222,frames/frame_000072_t00288001_f078052.png
73,79251,292002,292.002,15278,15.278,uppol,0x22222,frames/frame_000073_t00292002_f079251.png
74,80433,296001,296.001,19275,19.275,uppol,0x22222,frames/frame_000074_t00296001_f080433.png
75,81621,300001,300.001,23276,23.276,uppol,0x22222,frames/frame_000075_t00300001_f081621.png
